#qp,encode,decode,size,psnr,ssim
0,11.24,35.77,363924,58.946204,0.999094,
31,11.24,35.77,363924,58.946204,0.999094,
